{"cameraMode":{"drawMode":0,"name":"Shaded","section":"Shading Mode"},"sceneLighting":true,"audioPlay":false,"sceneViewState":{"m_AlwaysRefresh":false,"showFog":true,"showSkybox":true,"showFlares":true,"showImageEffects":true,"showParticleSystems":true,"showVisualEffectGraphs":true,"m_FxEnabled":true},"in2DMode":false,"pivot":{"x":2.322510242462158,"y":13.394649505615235,"z":3.8558874130249025},"rotation":{"x":0.05301693081855774,"y":0.11507980525493622,"z":-0.006152314133942127,"w":0.991927981376648},"size":11.691179275512696,"orthographic":false}