{"cameraMode":{"drawMode":0,"name":"Shaded","section":"Shading Mode"},"sceneLighting":true,"audioPlay":false,"sceneViewState":{"showFog":true,"showMaterialUpdate":false,"showSkybox":true,"showFlares":true,"showImageEffects":true,"showParticleSystems":true},"in2DMode":false,"pivot":{"x":-0.1899999976158142,"y":11.460000038146973,"z":0.7599999904632568},"rotation":{"x":0.10988100618124008,"y":-0.418844997882843,"z":0.05114884302020073,"w":0.8999327421188355},"size":22.97759437561035,"orthographic":true}